대표자명,사업자등록번호
김상혁,111-11-11111
백경엽,111-11-11111
김민준,123-45-67890
이서윤,987-65-43210
박지훈,543-21-09876
정하은,678-90-12345
최우진,210-98-76543
강수현,890-12-34567
조예나,345-67-89012
윤도현,765-43-21098
장서우,098-76-54321
임주원,432-10-98765
신유나,654-32-10987
배현우,876-54-32109
서하준,109-87-65432
권지아,321-09-87654
문시우,567-89-01234
하채원,789-01-23456
양승현,012-34-56789
고은서,234-56-78901
류태준,456-78-90123
성아린,678-90-12345
차선우,890-12-34567
황다은,012-34-56789
안준서,234-56-78901
송지우,456-78-90123
전하늘,678-90-12345
홍현수,890-12-34567
남윤아,012-34-56789
유건우,234-56-78901
지수빈,456-78-90123
오민서,678-90-12345
권태현,890-12-34567
나예진,012-34-56789
최재원,234-56-78901
박시연,456-78-90123
한결,678-90-12345
송예준,890-12-34567
백주안,012-34-56789
윤서진,234-56-78901
이준희,456-78-90123
김다현,678-90-12345
박건우,890-12-34567
신아현,012-34-56789
유승민,234-56-78901
조수아,456-78-90123
정민재,678-90-12345
최서연,890-12-34567
강동현,012-34-56789
고나은,234-56-78901
류지호,456-78-90123
문하린,678-90-12345
서준영,890-12-34567
양지안,012-34-56789
엄태양,234-56-78901
하수빈,456-78-90123
홍우혁,678-90-12345
황채린,890-12-34567
안도윤,012-34-56789
송하늘,234-56-78901
전민준,456-78-90123
남서현,678-90-12345
유지안,890-12-34567
지승현,012-34-56789
오주원,234-56-78901
권예서,456-78-90123
나현우,678-90-12345
최시우,890-12-34567
박주하,012-34-56789
한서준,234-56-78901
송지현,456-78-90123
백승우,678-90-12345
윤채원,890-12-34567
이도윤,012-34-56789
김서진,234-56-78901
박재현,456-78-90123
신유진,678-90-12345
유하준,890-12-34567
조예준,012-34-56789
정수현,234-56-78901
최민서,456-78-90123
강지우,678-90-12345
고현우,890-12-34567
류서윤,012-34-56789
문태준,234-56-78901
서아린,456-78-90123
양선우,678-90-12345
엄다은,890-12-34567
하준서,012-34-56789
홍지우,234-56-78901
황승현,456-78-90123
안은서,678-90-12345
송태양,890-12-34567
전수빈,012-34-56789
남시우,234-56-78901
유채원,456-78-90123
지서우,678-90-12345
오도현,890-12-34567
권주원,012-34-56789
나예나,234-56-78901
최현수,456-78-90123
박윤아,678-90-12345
한건우,890-12-34567